Concept Name,Concept Code,Hierarchical Code,Race Category (Concept Name),Race Category (Concept Code),Hiearchical Code
American Indian or Alaska Native,1002-5,R1,Race,1000-9,R
Asian,2028-9,R2,Race,1000-9,R
Black or African American,2054-5,R3,Race,1000-9,R
Native Hawaiian or Other Pacific Islander,2076-8,R4,Race,1000-9,R
White,2106-3,R5,Race,1000-9,R
Other Race,2131-1,R9,Race,1000-9,R
American Indian,1004-1,R1.01,American Indian or Alaska Native,1002-5,R1
Abenaki,1006-6,R1.01.001,American Indian or Alaska Native,1002-5,R1
Algonquian,1008-2,R1.01.002,American Indian or Alaska Native,1002-5,R1
Apache,1010-8,R1.01.003,American Indian or Alaska Native,1002-5,R1
Chiricahua,1011-6,R1.01.003.001,American Indian or Alaska Native,1002-5,R1
Fort Sill Apache,1012-4,R1.01.003.002,American Indian or Alaska Native,1002-5,R1
Jicarilla Apache,1013-2,R1.01.003.003,American Indian or Alaska Native,1002-5,R1
Lipan Apache,1014-0,R1.01.003.004,American Indian or Alaska Native,1002-5,R1
Mescalero Apache,1015-7,R1.01.003.005,American Indian or Alaska Native,1002-5,R1
Oklahoma Apache,1016-5,R1.01.003.006,American Indian or Alaska Native,1002-5,R1
Payson Apache,1017-3,R1.01.003.007,American Indian or Alaska Native,1002-5,R1
San Carlos Apache,1018-1,R1.01.003.008,American Indian or Alaska Native,1002-5,R1
White Mountain Apache,1019-9,R1.01.003.009,American Indian or Alaska Native,1002-5,R1
Arapaho,1021-5,R1.01.004,American Indian or Alaska Native,1002-5,R1
Northern Arapaho,1022-3,R1.01.004.001,American Indian or Alaska Native,1002-5,R1
Southern Arapaho,1023-1,R1.01.004.002,American Indian or Alaska Native,1002-5,R1
Wind River Arapaho,1024-9,R1.01.004.003,American Indian or Alaska Native,1002-5,R1
Arikara,1026-4,R1.01.005,American Indian or Alaska Native,1002-5,R1
Assiniboine,1028-0,R1.01.006,American Indian or Alaska Native,1002-5,R1
Assiniboine Sioux,1030-6,R1.01.007,American Indian or Alaska Native,1002-5,R1
Fort Peck Assiniboine Sioux,1031-4,R1.01.007.001,American Indian or Alaska Native,1002-5,R1
Bannock,1033-0,R1.01.008,American Indian or Alaska Native,1002-5,R1
Blackfeet,1035-5,R1.01.009,American Indian or Alaska Native,1002-5,R1
Brotherton,1037-1,R1.01.010,American Indian or Alaska Native,1002-5,R1
Burt Lake Band,1039-7,R1.01.011,American Indian or Alaska Native,1002-5,R1
Caddo,1041-3,R1.01.012,American Indian or Alaska Native,1002-5,R1
Oklahoma Cado,1042-1,R1.01.012.001,American Indian or Alaska Native,1002-5,R1
Cahuilla,1044-7,R1.01.013,American Indian or Alaska Native,1002-5,R1
Agua Caliente Cahuilla,1045-4,R1.01.013.001,American Indian or Alaska Native,1002-5,R1
Augustine,1046-2,R1.01.013.002,American Indian or Alaska Native,1002-5,R1
Cabazon,1047-0,R1.01.013.003,American Indian or Alaska Native,1002-5,R1
Los Coyotes,1048-8,R1.01.013.004,American Indian or Alaska Native,1002-5,R1
Morongo,1049-6,R1.01.013.005,American Indian or Alaska Native,1002-5,R1
Santa Rosa Cahuilla,1050-4,R1.01.013.006,American Indian or Alaska Native,1002-5,R1
Torres-Martinez,1051-2,R1.01.013.007,American Indian or Alaska Native,1002-5,R1
California Tribes,1053-8,R1.01.014,American Indian or Alaska Native,1002-5,R1
Cahto,1054-6,R1.01.014.001,American Indian or Alaska Native,1002-5,R1
Chimariko,1055-3,R1.01.014.002,American Indian or Alaska Native,1002-5,R1
Coast Miwok,1056-1,R1.01.014.003,American Indian or Alaska Native,1002-5,R1
Digger,1057-9,R1.01.014.004,American Indian or Alaska Native,1002-5,R1
Kawaiisu,1058-7,R1.01.014.005,American Indian or Alaska Native,1002-5,R1
Kern River,1059-5,R1.01.014.006,American Indian or Alaska Native,1002-5,R1
Mattole,1060-3,R1.01.014.007,American Indian or Alaska Native,1002-5,R1
Red Wood,1061-1,R1.01.014.008,American Indian or Alaska Native,1002-5,R1
Santa Rosa,1062-9,R1.01.014.009,American Indian or Alaska Native,1002-5,R1
Takelma,1063-7,R1.01.014.010,American Indian or Alaska Native,1002-5,R1
Wappo,1064-5,R1.01.014.011,American Indian or Alaska Native,1002-5,R1
Yana,1065-2,R1.01.014.012,American Indian or Alaska Native,1002-5,R1
Yuki,1066-0,R1.01.014.013,American Indian or Alaska Native,1002-5,R1
Canadian and Latin American Indian,1068-6,R1.01.015,American Indian or Alaska Native,1002-5,R1
Canadian Indian,1069-4,R1.01.015.001,American Indian or Alaska Native,1002-5,R1
Central American Indian,1070-2,R1.01.015.002,American Indian or Alaska Native,1002-5,R1
French American Indian,1071-0,R1.01.015.003,American Indian or Alaska Native,1002-5,R1
Mexican American Indian,1072-8,R1.01.015.004,American Indian or Alaska Native,1002-5,R1
South American Indian,1073-6,R1.01.015.005,American Indian or Alaska Native,1002-5,R1
Spanish American Indian,1074-4,R1.01.015.006,American Indian or Alaska Native,1002-5,R1
Catawba,1076-9,R1.01.016,American Indian or Alaska Native,1002-5,R1
Cayuse,1078-5,R1.01.017,American Indian or Alaska Native,1002-5,R1
Chehalis,1080-1,R1.01.018,American Indian or Alaska Native,1002-5,R1
Chemakuan,1082-7,R1.01.019,American Indian or Alaska Native,1002-5,R1
Hoh,1083-5,R1.01.019.001,American Indian or Alaska Native,1002-5,R1
Quileute,1084-3,R1.01.019.002,American Indian or Alaska Native,1002-5,R1
Chemehuevi,1086-8,R1.01.020,American Indian or Alaska Native,1002-5,R1
Cherokee,1088-4,R1.01.021,American Indian or Alaska Native,1002-5,R1
Cherokee Alabama,1089-2,R1.01.021.001,American Indian or Alaska Native,1002-5,R1
Cherokees of Northeast Alabama,1090-0,R1.01.021.002,American Indian or Alaska Native,1002-5,R1
Cherokees of Southeast Alabama,1091-8,R1.01.021.003,American Indian or Alaska Native,1002-5,R1
Eastern Cherokee,1092-6,R1.01.021.004,American Indian or Alaska Native,1002-5,R1
Echota Cherokee,1093-4,R1.01.021.005,American Indian or Alaska Native,1002-5,R1
Etowah Cherokee,1094-2,R1.01.021.006,American Indian or Alaska Native,1002-5,R1
Northern Cherokee,1095-9,R1.01.021.007,American Indian or Alaska Native,1002-5,R1
Tuscola,1096-7,R1.01.021.008,American Indian or Alaska Native,1002-5,R1
United Keetowah Band of Cherokee,1097-5,R1.01.021.009,American Indian or Alaska Native,1002-5,R1
Western Cherokee,1098-3,R1.01.021.010,American Indian or Alaska Native,1002-5,R1
Cherokee Shawnee,1100-7,R1.01.022,American Indian or Alaska Native,1002-5,R1
Cheyenne,1102-3,R1.01.023,American Indian or Alaska Native,1002-5,R1
Northern Cheyenne,1103-1,R1.01.023.001,American Indian or Alaska Native,1002-5,R1
Southern Cheyenne,1104-9,R1.01.023.002,American Indian or Alaska Native,1002-5,R1
Cheyenne-Arapaho,1106-4,R1.01.024,American Indian or Alaska Native,1002-5,R1
Chickahominy,1108-0,R1.01.025,American Indian or Alaska Native,1002-5,R1
Eastern Chickahominy,1109-8,R1.01.025.001,American Indian or Alaska Native,1002-5,R1
Western Chickahominy,1110-6,R1.01.025.002,American Indian or Alaska Native,1002-5,R1
Chickasaw,1112-2,R1.01.026,American Indian or Alaska Native,1002-5,R1
Chinook,1114-8,R1.01.027,American Indian or Alaska Native,1002-5,R1
Clatsop,1115-5,R1.01.027.001,American Indian or Alaska Native,1002-5,R1
Columbia River Chinook,1116-3,R1.01.027.002,American Indian or Alaska Native,1002-5,R1
Kathlamet,1117-1,R1.01.027.003,American Indian or Alaska Native,1002-5,R1
Upper Chinook,1118-9,R1.01.027.004,American Indian or Alaska Native,1002-5,R1
Wakiakum Chinook,1119-7,R1.01.027.005,American Indian or Alaska Native,1002-5,R1
Willapa Chinook,1120-5,R1.01.027.006,American Indian or Alaska Native,1002-5,R1
Wishram,1121-3,R1.01.027.007,American Indian or Alaska Native,1002-5,R1
Chippewa,1123-9,R1.01.028,American Indian or Alaska Native,1002-5,R1
Bad River,1124-7,R1.01.028.001,American Indian or Alaska Native,1002-5,R1
Bay Mills Chippewa,1125-4,R1.01.028.002,American Indian or Alaska Native,1002-5,R1
Bois Forte,1126-2,R1.01.028.003,American Indian or Alaska Native,1002-5,R1
Burt Lake Chippewa,1127-0,R1.01.028.004,American Indian or Alaska Native,1002-5,R1
Fond du Lac,1128-8,R1.01.028.005,American Indian or Alaska Native,1002-5,R1
Grand Portage,1129-6,R1.01.028.006,American Indian or Alaska Native,1002-5,R1
Grand Traverse Band of Ottawa/Chippewa,1130-4,R1.01.028.007,American Indian or Alaska Native,1002-5,R1
Keweenaw,1131-2,R1.01.028.008,American Indian or Alaska Native,1002-5,R1
Lac Courte Oreilles,1132-0,R1.01.028.009,American Indian or Alaska Native,1002-5,R1
Lac du Flambeau,1133-8,R1.01.028.010,American Indian or Alaska Native,1002-5,R1
Lac Vieux Desert Chippewa,1134-6,R1.01.028.011,American Indian or Alaska Native,1002-5,R1
Lake Superior,1135-3,R1.01.028.012,American Indian or Alaska Native,1002-5,R1
Leech Lake,1136-1,R1.01.028.013,American Indian or Alaska Native,1002-5,R1
Little Shell Chippewa,1137-9,R1.01.028.014,American Indian or Alaska Native,1002-5,R1
Mille Lacs,1138-7,R1.01.028.015,American Indian or Alaska Native,1002-5,R1
Minnesota Chippewa,1139-5,R1.01.028.016,American Indian or Alaska Native,1002-5,R1
Ontonagon,1140-3,R1.01.028.017,American Indian or Alaska Native,1002-5,R1
Red Cliff Chippewa,1141-1,R1.01.028.018,American Indian or Alaska Native,1002-5,R1
Red Lake Chippewa,1142-9,R1.01.028.019,American Indian or Alaska Native,1002-5,R1
Saginaw Chippewa,1143-7,R1.01.028.020,American Indian or Alaska Native,1002-5,R1
St. Croix Chippewa,1144-5,R1.01.028.021,American Indian or Alaska Native,1002-5,R1
Sault Ste. Marie Chippewa,1145-2,R1.01.028.022,American Indian or Alaska Native,1002-5,R1
Sokoagon Chippewa,1146-0,R1.01.028.023,American Indian or Alaska Native,1002-5,R1
Turtle Mountain,1147-8,R1.01.028.024,American Indian or Alaska Native,1002-5,R1
White Earth,1148-6,R1.01.028.025,American Indian or Alaska Native,1002-5,R1
Chippewa Cree,1150-2,R1.01.029,American Indian or Alaska Native,1002-5,R1
Rocky Boy's Chippewa Cree,1151-0,R1.01.029.001,American Indian or Alaska Native,1002-5,R1
Chitimacha,1153-6,R1.01.030,American Indian or Alaska Native,1002-5,R1
Choctaw,1155-1,R1.01.031,American Indian or Alaska Native,1002-5,R1
Clifton Choctaw,1156-9,R1.01.031.001,American Indian or Alaska Native,1002-5,R1
Jena Choctaw,1157-7,R1.01.031.002,American Indian or Alaska Native,1002-5,R1
Mississippi Choctaw,1158-5,R1.01.031.003,American Indian or Alaska Native,1002-5,R1
Mowa Band of Choctaw,1159-3,R1.01.031.004,American Indian or Alaska Native,1002-5,R1
Oklahoma Choctaw,1160-1,R1.01.031.005,American Indian or Alaska Native,1002-5,R1
Chumash,1162-7,R1.01.032,American Indian or Alaska Native,1002-5,R1
Santa Ynez,1163-5,R1.01.032.001,American Indian or Alaska Native,1002-5,R1
Clear Lake,1165-0,R1.01.033,American Indian or Alaska Native,1002-5,R1
Coeur D'Alene,1167-6,R1.01.034,American Indian or Alaska Native,1002-5,R1
Coharie,1169-2,R1.01.035,American Indian or Alaska Native,1002-5,R1
Colorado River,1171-8,R1.01.036,American Indian or Alaska Native,1002-5,R1
Colville,1173-4,R1.01.037,American Indian or Alaska Native,1002-5,R1
Comanche,1175-9,R1.01.038,American Indian or Alaska Native,1002-5,R1
Oklahoma Comanche,1176-7,R1.01.038.001,American Indian or Alaska Native,1002-5,R1
"Coos, Lower Umpqua, Siuslaw",1178-3,R1.01.039,American Indian or Alaska Native,1002-5,R1
Coos,1180-9,R1.01.040,American Indian or Alaska Native,1002-5,R1
Coquilles,1182-5,R1.01.041,American Indian or Alaska Native,1002-5,R1
Costanoan,1184-1,R1.01.042,American Indian or Alaska Native,1002-5,R1
Coushatta,1186-6,R1.01.043,American Indian or Alaska Native,1002-5,R1
Alabama Coushatta,1187-4,R1.01.043.001,American Indian or Alaska Native,1002-5,R1
Cowlitz,1189-0,R1.01.044,American Indian or Alaska Native,1002-5,R1
Cree,1191-6,R1.01.045,American Indian or Alaska Native,1002-5,R1
Creek,1193-2,R1.01.046,American Indian or Alaska Native,1002-5,R1
Alabama Creek,1194-0,R1.01.046.001,American Indian or Alaska Native,1002-5,R1
Alabama Quassarte,1195-7,R1.01.046.002,American Indian or Alaska Native,1002-5,R1
Eastern Creek,1196-5,R1.01.046.003,American Indian or Alaska Native,1002-5,R1
Eastern Muscogee,1197-3,R1.01.046.004,American Indian or Alaska Native,1002-5,R1
Kialegee,1198-1,R1.01.046.005,American Indian or Alaska Native,1002-5,R1
Lower Muscogee,1199-9,R1.01.046.006,American Indian or Alaska Native,1002-5,R1
Machis Lower Creek Indian,1200-5,R1.01.046.007,American Indian or Alaska Native,1002-5,R1
Poarch Band,1201-3,R1.01.046.008,American Indian or Alaska Native,1002-5,R1
Principal Creek Indian Nation,1202-1,R1.01.046.009,American Indian or Alaska Native,1002-5,R1
Star Clan of Muscogee Creeks,1203-9,R1.01.046.010,American Indian or Alaska Native,1002-5,R1
Thlopthlocco,1204-7,R1.01.046.011,American Indian or Alaska Native,1002-5,R1
Tuckabachee,1205-4,R1.01.046.012,American Indian or Alaska Native,1002-5,R1
Croatan,1207-0,R1.01.047,American Indian or Alaska Native,1002-5,R1
Crow,1209-6,R1.01.048,American Indian or Alaska Native,1002-5,R1
Cupeno,1211-2,R1.01.049,American Indian or Alaska Native,1002-5,R1
Agua Caliente,1212-0,R1.01.049.001,American Indian or Alaska Native,1002-5,R1
Delaware,1214-6,R1.01.050,American Indian or Alaska Native,1002-5,R1
Eastern Delaware,1215-3,R1.01.050.001,American Indian or Alaska Native,1002-5,R1
Lenni-Lenape,1216-1,R1.01.050.002,American Indian or Alaska Native,1002-5,R1
Munsee,1217-9,R1.01.050.003,American Indian or Alaska Native,1002-5,R1
Oklahoma Delaware,1218-7,R1.01.050.004,American Indian or Alaska Native,1002-5,R1
Rampough Mountain,1219-5,R1.01.050.005,American Indian or Alaska Native,1002-5,R1
Sand Hill,1220-3,R1.01.050.006,American Indian or Alaska Native,1002-5,R1
Diegueno,1222-9,R1.01.051,American Indian or Alaska Native,1002-5,R1
Campo,1223-7,R1.01.051.001,American Indian or Alaska Native,1002-5,R1
Capitan Grande,1224-5,R1.01.051.002,American Indian or Alaska Native,1002-5,R1
Cuyapaipe,1225-2,R1.01.051.003,American Indian or Alaska Native,1002-5,R1
La Posta,1226-0,R1.01.051.004,American Indian or Alaska Native,1002-5,R1
Manzanita,1227-8,R1.01.051.005,American Indian or Alaska Native,1002-5,R1
Mesa Grande,1228-6,R1.01.051.006,American Indian or Alaska Native,1002-5,R1
San Pasqual,1229-4,R1.01.051.007,American Indian or Alaska Native,1002-5,R1
Santa Ysabel,1230-2,R1.01.051.008,American Indian or Alaska Native,1002-5,R1
Sycuan,1231-0,R1.01.051.009,American Indian or Alaska Native,1002-5,R1
Eastern Tribes,1233-6,R1.01.052,American Indian or Alaska Native,1002-5,R1
Attacapa,1234-4,R1.01.052.001,American Indian or Alaska Native,1002-5,R1
Biloxi,1235-1,R1.01.052.002,American Indian or Alaska Native,1002-5,R1
Georgetown (Eastern Tribes),1236-9,R1.01.052.003,American Indian or Alaska Native,1002-5,R1
Moor,1237-7,R1.01.052.004,American Indian or Alaska Native,1002-5,R1
Nansemond,1238-5,R1.01.052.005,American Indian or Alaska Native,1002-5,R1
Natchez,1239-3,R1.01.052.006,American Indian or Alaska Native,1002-5,R1
Nausu Waiwash,1240-1,R1.01.052.007,American Indian or Alaska Native,1002-5,R1
Nipmuc,1241-9,R1.01.052.008,American Indian or Alaska Native,1002-5,R1
Paugussett,1242-7,R1.01.052.009,American Indian or Alaska Native,1002-5,R1
Pocomoke Acohonock,1243-5,R1.01.052.010,American Indian or Alaska Native,1002-5,R1
Southeastern Indians,1244-3,R1.01.052.011,American Indian or Alaska Native,1002-5,R1
Susquehanock,1245-0,R1.01.052.012,American Indian or Alaska Native,1002-5,R1
Tunica Biloxi,1246-8,R1.01.052.013,American Indian or Alaska Native,1002-5,R1
Waccamaw-Siousan,1247-6,R1.01.052.014,American Indian or Alaska Native,1002-5,R1
Wicomico,1248-4,R1.01.052.015,American Indian or Alaska Native,1002-5,R1
Esselen,1250-0,R1.01.053,American Indian or Alaska Native,1002-5,R1
Fort Belknap,1252-6,R1.01.054,American Indian or Alaska Native,1002-5,R1
Fort Berthold,1254-2,R1.01.055,American Indian or Alaska Native,1002-5,R1
Fort Mcdowell,1256-7,R1.01.056,American Indian or Alaska Native,1002-5,R1
Fort Hall,1258-3,R1.01.057,American Indian or Alaska Native,1002-5,R1
Gabrieleno,1260-9,R1.01.058,American Indian or Alaska Native,1002-5,R1
Grand Ronde,1262-5,R1.01.059,American Indian or Alaska Native,1002-5,R1
Gros Ventres,1264-1,R1.01.060,American Indian or Alaska Native,1002-5,R1
Atsina,1265-8,R1.01.060.001,American Indian or Alaska Native,1002-5,R1
Haliwa,1267-4,R1.01.061,American Indian or Alaska Native,1002-5,R1
Hidatsa,1269-0,R1.01.062,American Indian or Alaska Native,1002-5,R1
Hoopa,1271-6,R1.01.063,American Indian or Alaska Native,1002-5,R1
Trinity,1272-4,R1.01.063.001,American Indian or Alaska Native,1002-5,R1
Whilkut,1273-2,R1.01.063.002,American Indian or Alaska Native,1002-5,R1
Hoopa Extension,1275-7,R1.01.064,American Indian or Alaska Native,1002-5,R1
Houma,1277-3,R1.01.065,American Indian or Alaska Native,1002-5,R1
Inaja-Cosmit,1279-9,R1.01.066,American Indian or Alaska Native,1002-5,R1
Iowa,1281-5,R1.01.067,American Indian or Alaska Native,1002-5,R1
Iowa of Kansas-Nebraska,1282-3,R1.01.067.001,American Indian or Alaska Native,1002-5,R1
Iowa of Oklahoma,1283-1,R1.01.067.002,American Indian or Alaska Native,1002-5,R1
Iroquois,1285-6,R1.01.068,American Indian or Alaska Native,1002-5,R1
Cayuga,1286-4,R1.01.068.001,American Indian or Alaska Native,1002-5,R1
Mohawk,1287-2,R1.01.068.002,American Indian or Alaska Native,1002-5,R1
Oneida,1288-0,R1.01.068.003,American Indian or Alaska Native,1002-5,R1
Onondaga,1289-8,R1.01.068.004,American Indian or Alaska Native,1002-5,R1
Seneca,1290-6,R1.01.068.005,American Indian or Alaska Native,1002-5,R1
Seneca Nation,1291-4,R1.01.068.006,American Indian or Alaska Native,1002-5,R1
Seneca-Cayuga,1292-2,R1.01.068.007,American Indian or Alaska Native,1002-5,R1
Tonawanda Seneca,1293-0,R1.01.068.008,American Indian or Alaska Native,1002-5,R1
Tuscarora,1294-8,R1.01.068.009,American Indian or Alaska Native,1002-5,R1
Wyandotte,1295-5,R1.01.068.010,American Indian or Alaska Native,1002-5,R1
Juaneno,1297-1,R1.01.069,American Indian or Alaska Native,1002-5,R1
Kalispel,1299-7,R1.01.070,American Indian or Alaska Native,1002-5,R1
Karuk,1301-1,R1.01.071,American Indian or Alaska Native,1002-5,R1
Kaw,1303-7,R1.01.072,American Indian or Alaska Native,1002-5,R1
Kickapoo,1305-2,R1.01.073,American Indian or Alaska Native,1002-5,R1
Oklahoma Kickapoo,1306-0,R1.01.073.001,American Indian or Alaska Native,1002-5,R1
Texas Kickapoo,1307-8,R1.01.073.002,American Indian or Alaska Native,1002-5,R1
Kiowa,1309-4,R1.01.074,American Indian or Alaska Native,1002-5,R1
Oklahoma Kiowa,1310-2,R1.01.074.001,American Indian or Alaska Native,1002-5,R1
Klallam,1312-8,R1.01.075,American Indian or Alaska Native,1002-5,R1
Jamestown,1313-6,R1.01.075.001,American Indian or Alaska Native,1002-5,R1
Lower Elwha,1314-4,R1.01.075.002,American Indian or Alaska Native,1002-5,R1
Port Gamble Klallam,1315-1,R1.01.075.003,American Indian or Alaska Native,1002-5,R1
Klamath,1317-7,R1.01.076,American Indian or Alaska Native,1002-5,R1
Konkow,1319-3,R1.01.077,American Indian or Alaska Native,1002-5,R1
Kootenai,1321-9,R1.01.078,American Indian or Alaska Native,1002-5,R1
Lassik,1323-5,R1.01.079,American Indian or Alaska Native,1002-5,R1
Long Island,1325-0,R1.01.080,American Indian or Alaska Native,1002-5,R1
Matinecock,1326-8,R1.01.080.001,American Indian or Alaska Native,1002-5,R1
Montauk,1327-6,R1.01.080.002,American Indian or Alaska Native,1002-5,R1
Poospatuck,1328-4,R1.01.080.003,American Indian or Alaska Native,1002-5,R1
Setauket,1329-2,R1.01.080.004,American Indian or Alaska Native,1002-5,R1
Luiseno,1331-8,R1.01.081,American Indian or Alaska Native,1002-5,R1
La Jolla,1332-6,R1.01.081.001,American Indian or Alaska Native,1002-5,R1
Pala,1333-4,R1.01.081.002,American Indian or Alaska Native,1002-5,R1
Pauma,1334-2,R1.01.081.003,American Indian or Alaska Native,1002-5,R1
Pechanga,1335-9,R1.01.081.004,American Indian or Alaska Native,1002-5,R1
Soboba,1336-7,R1.01.081.005,American Indian or Alaska Native,1002-5,R1
Twenty-Nine Palms,1337-5,R1.01.081.006,American Indian or Alaska Native,1002-5,R1
Temecula,1338-3,R1.01.081.007,American Indian or Alaska Native,1002-5,R1
Lumbee,1340-9,R1.01.082,American Indian or Alaska Native,1002-5,R1
Lummi,1342-5,R1.01.083,American Indian or Alaska Native,1002-5,R1
Maidu,1344-1,R1.01.084,American Indian or Alaska Native,1002-5,R1
Mountain Maidu,1345-8,R1.01.084.001,American Indian or Alaska Native,1002-5,R1
Nishinam,1346-6,R1.01.084.002,American Indian or Alaska Native,1002-5,R1
Makah,1348-2,R1.01.085,American Indian or Alaska Native,1002-5,R1
Maliseet,1350-8,R1.01.086,American Indian or Alaska Native,1002-5,R1
Mandan,1352-4,R1.01.087,American Indian or Alaska Native,1002-5,R1
Mattaponi,1354-0,R1.01.088,American Indian or Alaska Native,1002-5,R1
Menominee,1356-5,R1.01.089,American Indian or Alaska Native,1002-5,R1
Miami,1358-1,R1.01.090,American Indian or Alaska Native,1002-5,R1
Illinois Miami,1359-9,R1.01.090.001,American Indian or Alaska Native,1002-5,R1
Indiana Miami,1360-7,R1.01.090.002,American Indian or Alaska Native,1002-5,R1
Oklahoma Miami,1361-5,R1.01.090.003,American Indian or Alaska Native,1002-5,R1
Miccosukee,1363-1,R1.01.091,American Indian or Alaska Native,1002-5,R1
Micmac,1365-6,R1.01.092,American Indian or Alaska Native,1002-5,R1
Aroostook,1366-4,R1.01.092.001,American Indian or Alaska Native,1002-5,R1
Mission Indians,1368-0,R1.01.093,American Indian or Alaska Native,1002-5,R1
Miwok,1370-6,R1.01.094,American Indian or Alaska Native,1002-5,R1
Modoc,1372-2,R1.01.095,American Indian or Alaska Native,1002-5,R1
Mohegan,1374-8,R1.01.096,American Indian or Alaska Native,1002-5,R1
Mono,1376-3,R1.01.097,American Indian or Alaska Native,1002-5,R1
Nanticoke,1378-9,R1.01.098,American Indian or Alaska Native,1002-5,R1
Narragansett,1380-5,R1.01.099,American Indian or Alaska Native,1002-5,R1
Navajo,1382-1,R1.01.100,American Indian or Alaska Native,1002-5,R1
Alamo Navajo,1383-9,R1.01.100.001,American Indian or Alaska Native,1002-5,R1
Canoncito Navajo,1384-7,R1.01.100.002,American Indian or Alaska Native,1002-5,R1
Ramah Navajo,1385-4,R1.01.100.003,American Indian or Alaska Native,1002-5,R1
Nez Perce,1387-0,R1.01.101,American Indian or Alaska Native,1002-5,R1
Nomalaki,1389-6,R1.01.102,American Indian or Alaska Native,1002-5,R1
Northwest Tribes,1391-2,R1.01.103,American Indian or Alaska Native,1002-5,R1
Alsea,1392-0,R1.01.103.001,American Indian or Alaska Native,1002-5,R1
Celilo,1393-8,R1.01.103.002,American Indian or Alaska Native,1002-5,R1
Columbia,1394-6,R1.01.103.003,American Indian or Alaska Native,1002-5,R1
Kalapuya,1395-3,R1.01.103.004,American Indian or Alaska Native,1002-5,R1
Molala,1396-1,R1.01.103.005,American Indian or Alaska Native,1002-5,R1
Talakamish,1397-9,R1.01.103.006,American Indian or Alaska Native,1002-5,R1
Tenino,1398-7,R1.01.103.007,American Indian or Alaska Native,1002-5,R1
Tillamook,1399-5,R1.01.103.008,American Indian or Alaska Native,1002-5,R1
Wenatchee,1400-1,R1.01.103.009,American Indian or Alaska Native,1002-5,R1
Yahooskin,1401-9,R1.01.103.010,American Indian or Alaska Native,1002-5,R1
Omaha,1403-5,R1.01.104,American Indian or Alaska Native,1002-5,R1
Oregon Athabaskan,1405-0,R1.01.105,American Indian or Alaska Native,1002-5,R1
Osage,1407-6,R1.01.106,American Indian or Alaska Native,1002-5,R1
Otoe-Missouria,1409-2,R1.01.107,American Indian or Alaska Native,1002-5,R1
Ottawa,1411-8,R1.01.108,American Indian or Alaska Native,1002-5,R1
Burt Lake Ottawa,1412-6,R1.01.108.001,American Indian or Alaska Native,1002-5,R1
Michigan Ottawa,1413-4,R1.01.108.002,American Indian or Alaska Native,1002-5,R1
Oklahoma Ottawa,1414-2,R1.01.108.003,American Indian or Alaska Native,1002-5,R1
Paiute,1416-7,R1.01.109,American Indian or Alaska Native,1002-5,R1
Bishop,1417-5,R1.01.109.001,American Indian or Alaska Native,1002-5,R1
Bridgeport,1418-3,R1.01.109.002,American Indian or Alaska Native,1002-5,R1
Burns Paiute,1419-1,R1.01.109.003,American Indian or Alaska Native,1002-5,R1
Cedarville,1420-9,R1.01.109.004,American Indian or Alaska Native,1002-5,R1
Fort Bidwell,1421-7,R1.01.109.005,American Indian or Alaska Native,1002-5,R1
Fort Independence,1422-5,R1.01.109.006,American Indian or Alaska Native,1002-5,R1
Kaibab,1423-3,R1.01.109.007,American Indian or Alaska Native,1002-5,R1
Las Vegas,1424-1,R1.01.109.008,American Indian or Alaska Native,1002-5,R1
Lone Pine,1425-8,R1.01.109.009,American Indian or Alaska Native,1002-5,R1
Lovelock,1426-6,R1.01.109.010,American Indian or Alaska Native,1002-5,R1
Malheur Paiute,1427-4,R1.01.109.011,American Indian or Alaska Native,1002-5,R1
Moapa,1428-2,R1.01.109.012,American Indian or Alaska Native,1002-5,R1
Northern Paiute,1429-0,R1.01.109.013,American Indian or Alaska Native,1002-5,R1
Owens Valley,1430-8,R1.01.109.014,American Indian or Alaska Native,1002-5,R1
Pyramid Lake,1431-6,R1.01.109.015,American Indian or Alaska Native,1002-5,R1
San Juan Southern Paiute,1432-4,R1.01.109.016,American Indian or Alaska Native,1002-5,R1
Southern Paiute,1433-2,R1.01.109.017,American Indian or Alaska Native,1002-5,R1
Summit Lake,1434-0,R1.01.109.018,American Indian or Alaska Native,1002-5,R1
Utu Utu Gwaitu Paiute,1435-7,R1.01.109.019,American Indian or Alaska Native,1002-5,R1
Walker River,1436-5,R1.01.109.020,American Indian or Alaska Native,1002-5,R1
Yerington Paiute,1437-3,R1.01.109.021,American Indian or Alaska Native,1002-5,R1
Pamunkey,1439-9,R1.01.110,American Indian or Alaska Native,1002-5,R1
Passamaquoddy,1441-5,R1.01.111,American Indian or Alaska Native,1002-5,R1
Indian Township,1442-3,R1.01.111.001,American Indian or Alaska Native,1002-5,R1
Pleasant Point Passamaquoddy,1443-1,R1.01.111.002,American Indian or Alaska Native,1002-5,R1
Pawnee,1445-6,R1.01.112,American Indian or Alaska Native,1002-5,R1
Oklahoma Pawnee,1446-4,R1.01.112.001,American Indian or Alaska Native,1002-5,R1
Penobscot,1448-0,R1.01.113,American Indian or Alaska Native,1002-5,R1
Peoria,1450-6,R1.01.114,American Indian or Alaska Native,1002-5,R1
Oklahoma Peoria,1451-4,R1.01.114.001,American Indian or Alaska Native,1002-5,R1
Pequot,1453-0,R1.01.115,American Indian or Alaska Native,1002-5,R1
Marshantucket Pequot,1454-8,R1.01.115.001,American Indian or Alaska Native,1002-5,R1
Pima,1456-3,R1.01.116,American Indian or Alaska Native,1002-5,R1
Gila River Pima-Maricopa,1457-1,R1.01.116.001,American Indian or Alaska Native,1002-5,R1
Salt River Pima-Maricopa,1458-9,R1.01.116.002,American Indian or Alaska Native,1002-5,R1
Piscataway,1460-5,R1.01.117,American Indian or Alaska Native,1002-5,R1
Pit River,1462-1,R1.01.118,American Indian or Alaska Native,1002-5,R1
Pomo,1464-7,R1.01.119,American Indian or Alaska Native,1002-5,R1
Central Pomo,1465-4,R1.01.119.001,American Indian or Alaska Native,1002-5,R1
Dry Creek,1466-2,R1.01.119.002,American Indian or Alaska Native,1002-5,R1
Eastern Pomo,1467-0,R1.01.119.003,American Indian or Alaska Native,1002-5,R1
Kashia,1468-8,R1.01.119.004,American Indian or Alaska Native,1002-5,R1
Northern Pomo,1469-6,R1.01.119.005,American Indian or Alaska Native,1002-5,R1
Scotts Valley,1470-4,R1.01.119.006,American Indian or Alaska Native,1002-5,R1
Stonyford,1471-2,R1.01.119.007,American Indian or Alaska Native,1002-5,R1
Sulphur Bank,1472-0,R1.01.119.008,American Indian or Alaska Native,1002-5,R1
Ponca,1474-6,R1.01.120,American Indian or Alaska Native,1002-5,R1
Nebraska Ponca,1475-3,R1.01.120.001,American Indian or Alaska Native,1002-5,R1
Oklahoma Ponca,1476-1,R1.01.120.002,American Indian or Alaska Native,1002-5,R1
Potawatomi,1478-7,R1.01.121,American Indian or Alaska Native,1002-5,R1
Citizen Band Potawatomi,1479-5,R1.01.121.001,American Indian or Alaska Native,1002-5,R1
Forest County,1480-3,R1.01.121.002,American Indian or Alaska Native,1002-5,R1
Hannahville,1481-1,R1.01.121.003,American Indian or Alaska Native,1002-5,R1
Huron Potawatomi,1482-9,R1.01.121.004,American Indian or Alaska Native,1002-5,R1
Pokagon Potawatomi,1483-7,R1.01.121.005,American Indian or Alaska Native,1002-5,R1
Prairie Band,1484-5,R1.01.121.006,American Indian or Alaska Native,1002-5,R1
Wisconsin Potawatomi,1485-2,R1.01.121.007,American Indian or Alaska Native,1002-5,R1
Powhatan,1487-8,R1.01.122,American Indian or Alaska Native,1002-5,R1
Pueblo,1489-4,R1.01.123,American Indian or Alaska Native,1002-5,R1
Acoma,1490-2,R1.01.123.001,American Indian or Alaska Native,1002-5,R1
Arizona Tewa,1491-0,R1.01.123.002,American Indian or Alaska Native,1002-5,R1
Cochiti,1492-8,R1.01.123.003,American Indian or Alaska Native,1002-5,R1
Hopi,1493-6,R1.01.123.004,American Indian or Alaska Native,1002-5,R1
Isleta,1494-4,R1.01.123.005,American Indian or Alaska Native,1002-5,R1
Jemez,1495-1,R1.01.123.006,American Indian or Alaska Native,1002-5,R1
Keres,1496-9,R1.01.123.007,American Indian or Alaska Native,1002-5,R1
Laguna,1497-7,R1.01.123.008,American Indian or Alaska Native,1002-5,R1
Nambe,1498-5,R1.01.123.009,American Indian or Alaska Native,1002-5,R1
Picuris,1499-3,R1.01.123.010,American Indian or Alaska Native,1002-5,R1
Piro,1500-8,R1.01.123.011,American Indian or Alaska Native,1002-5,R1
Pojoaque,1501-6,R1.01.123.012,American Indian or Alaska Native,1002-5,R1
San Felipe,1502-4,R1.01.123.013,American Indian or Alaska Native,1002-5,R1
San Ildefonso,1503-2,R1.01.123.014,American Indian or Alaska Native,1002-5,R1
San Juan Pueblo,1504-0,R1.01.123.015,American Indian or Alaska Native,1002-5,R1
San Juan De,1505-7,R1.01.123.016,American Indian or Alaska Native,1002-5,R1
San Juan,1506-5,R1.01.123.017,American Indian or Alaska Native,1002-5,R1
Sandia,1507-3,R1.01.123.018,American Indian or Alaska Native,1002-5,R1
Santa Ana,1508-1,R1.01.123.019,American Indian or Alaska Native,1002-5,R1
Santa Clara,1509-9,R1.01.123.020,American Indian or Alaska Native,1002-5,R1
Santo Domingo,1510-7,R1.01.123.021,American Indian or Alaska Native,1002-5,R1
Taos,1511-5,R1.01.123.022,American Indian or Alaska Native,1002-5,R1
Tesuque,1512-3,R1.01.123.023,American Indian or Alaska Native,1002-5,R1
Tewa,1513-1,R1.01.123.024,American Indian or Alaska Native,1002-5,R1
Tigua,1514-9,R1.01.123.025,American Indian or Alaska Native,1002-5,R1
Zia,1515-6,R1.01.123.026,American Indian or Alaska Native,1002-5,R1
Zuni,1516-4,R1.01.123.027,American Indian or Alaska Native,1002-5,R1
Puget Sound Salish,1518-0,R1.01.124,American Indian or Alaska Native,1002-5,R1
Duwamish,1519-8,R1.01.124.001,American Indian or Alaska Native,1002-5,R1
Kikiallus,1520-6,R1.01.124.002,American Indian or Alaska Native,1002-5,R1
Lower Skagit,1521-4,R1.01.124.003,American Indian or Alaska Native,1002-5,R1
Muckleshoot,1522-2,R1.01.124.004,American Indian or Alaska Native,1002-5,R1
Nisqually,1523-0,R1.01.124.005,American Indian or Alaska Native,1002-5,R1
Nooksack,1524-8,R1.01.124.006,American Indian or Alaska Native,1002-5,R1
Port Madison,1525-5,R1.01.124.007,American Indian or Alaska Native,1002-5,R1
Puyallup,1526-3,R1.01.124.008,American Indian or Alaska Native,1002-5,R1
Samish,1527-1,R1.01.124.009,American Indian or Alaska Native,1002-5,R1
Sauk-Suiattle,1528-9,R1.01.124.010,American Indian or Alaska Native,1002-5,R1
Skokomish,1529-7,R1.01.124.011,American Indian or Alaska Native,1002-5,R1
Skykomish,1530-5,R1.01.124.012,American Indian or Alaska Native,1002-5,R1
Snohomish,1531-3,R1.01.124.013,American Indian or Alaska Native,1002-5,R1
Snoqualmie,1532-1,R1.01.124.014,American Indian or Alaska Native,1002-5,R1
Squaxin Island,1533-9,R1.01.124.015,American Indian or Alaska Native,1002-5,R1
Steilacoom,1534-7,R1.01.124.016,American Indian or Alaska Native,1002-5,R1
Stillaguamish,1535-4,R1.01.124.017,American Indian or Alaska Native,1002-5,R1
Suquamish,1536-2,R1.01.124.018,American Indian or Alaska Native,1002-5,R1
Swinomish,1537-0,R1.01.124.019,American Indian or Alaska Native,1002-5,R1
Tulalip,1538-8,R1.01.124.020,American Indian or Alaska Native,1002-5,R1
Upper Skagit,1539-6,R1.01.124.021,American Indian or Alaska Native,1002-5,R1
Quapaw,1541-2,R1.01.125,American Indian or Alaska Native,1002-5,R1
Quinault,1543-8,R1.01.126,American Indian or Alaska Native,1002-5,R1
Rappahannock,1545-3,R1.01.127,American Indian or Alaska Native,1002-5,R1
Reno-Sparks,1547-9,R1.01.128,American Indian or Alaska Native,1002-5,R1
Round Valley,1549-5,R1.01.129,American Indian or Alaska Native,1002-5,R1
Sac and Fox,1551-1,R1.01.130,American Indian or Alaska Native,1002-5,R1
Iowa Sac and Fox,1552-9,R1.01.130.001,American Indian or Alaska Native,1002-5,R1
Missouri Sac and Fox,1553-7,R1.01.130.002,American Indian or Alaska Native,1002-5,R1
Oklahoma Sac and Fox,1554-5,R1.01.130.003,American Indian or Alaska Native,1002-5,R1
Salinan,1556-0,R1.01.131,American Indian or Alaska Native,1002-5,R1
Salish,1558-6,R1.01.132,American Indian or Alaska Native,1002-5,R1
Salish and Kootenai,1560-2,R1.01.133,American Indian or Alaska Native,1002-5,R1
Schaghticoke,1562-8,R1.01.134,American Indian or Alaska Native,1002-5,R1
Scott Valley,1564-4,R1.01.135,American Indian or Alaska Native,1002-5,R1
Seminole,1566-9,R1.01.136,American Indian or Alaska Native,1002-5,R1
Big Cypress,1567-7,R1.01.136.001,American Indian or Alaska Native,1002-5,R1
Brighton,1568-5,R1.01.136.002,American Indian or Alaska Native,1002-5,R1
Florida Seminole,1569-3,R1.01.136.003,American Indian or Alaska Native,1002-5,R1
Hollywood Seminole,1570-1,R1.01.136.004,American Indian or Alaska Native,1002-5,R1
Oklahoma Seminole,1571-9,R1.01.136.005,American Indian or Alaska Native,1002-5,R1
Serrano,1573-5,R1.01.137,American Indian or Alaska Native,1002-5,R1
San Manual,1574-3,R1.01.137.001,American Indian or Alaska Native,1002-5,R1
Shasta,1576-8,R1.01.138,American Indian or Alaska Native,1002-5,R1
Shawnee,1578-4,R1.01.139,American Indian or Alaska Native,1002-5,R1
Absentee Shawnee,1579-2,R1.01.139.001,American Indian or Alaska Native,1002-5,R1
Eastern Shawnee,1580-0,R1.01.139.002,American Indian or Alaska Native,1002-5,R1
Shinnecock,1582-6,R1.01.140,American Indian or Alaska Native,1002-5,R1
Shoalwater Bay,1584-2,R1.01.141,American Indian or Alaska Native,1002-5,R1
Shoshone,1586-7,R1.01.142,American Indian or Alaska Native,1002-5,R1
Battle Mountain,1587-5,R1.01.142.001,American Indian or Alaska Native,1002-5,R1
Duckwater,1588-3,R1.01.142.002,American Indian or Alaska Native,1002-5,R1
Elko,1589-1,R1.01.142.003,American Indian or Alaska Native,1002-5,R1
Ely,1590-9,R1.01.142.004,American Indian or Alaska Native,1002-5,R1
Goshute,1591-7,R1.01.142.005,American Indian or Alaska Native,1002-5,R1
Panamint,1592-5,R1.01.142.006,American Indian or Alaska Native,1002-5,R1
Ruby Valley,1593-3,R1.01.142.007,American Indian or Alaska Native,1002-5,R1
Skull Valley,1594-1,R1.01.142.008,American Indian or Alaska Native,1002-5,R1
South Fork Shoshone,1595-8,R1.01.142.009,American Indian or Alaska Native,1002-5,R1
Te-Moak Western Shoshone,1596-6,R1.01.142.010,American Indian or Alaska Native,1002-5,R1
Timbi-Sha Shoshone,1597-4,R1.01.142.011,American Indian or Alaska Native,1002-5,R1
Washakie,1598-2,R1.01.142.012,American Indian or Alaska Native,1002-5,R1
Wind River Shoshone,1599-0,R1.01.142.013,American Indian or Alaska Native,1002-5,R1
Yomba,1600-6,R1.01.142.014,American Indian or Alaska Native,1002-5,R1
Shoshone Paiute,1602-2,R1.01.143,American Indian or Alaska Native,1002-5,R1
Duck Valley,1603-0,R1.01.143.001,American Indian or Alaska Native,1002-5,R1
Fallon,1604-8,R1.01.143.002,American Indian or Alaska Native,1002-5,R1
Fort McDermitt,1605-5,R1.01.143.003,American Indian or Alaska Native,1002-5,R1
Siletz,1607-1,R1.01.144,American Indian or Alaska Native,1002-5,R1
Sioux,1609-7,R1.01.145,American Indian or Alaska Native,1002-5,R1
Blackfoot Sioux,1610-5,R1.01.145.001,American Indian or Alaska Native,1002-5,R1
Brule Sioux,1611-3,R1.01.145.002,American Indian or Alaska Native,1002-5,R1
Cheyenne River Sioux,1612-1,R1.01.145.003,American Indian or Alaska Native,1002-5,R1
Crow Creek Sioux,1613-9,R1.01.145.004,American Indian or Alaska Native,1002-5,R1
Dakota Sioux,1614-7,R1.01.145.005,American Indian or Alaska Native,1002-5,R1
Flandreau Santee,1615-4,R1.01.145.006,American Indian or Alaska Native,1002-5,R1
Fort Peck,1616-2,R1.01.145.007,American Indian or Alaska Native,1002-5,R1
Lake Traverse Sioux,1617-0,R1.01.145.008,American Indian or Alaska Native,1002-5,R1
Lower Brule Sioux,1618-8,R1.01.145.009,American Indian or Alaska Native,1002-5,R1
Lower Sioux,1619-6,R1.01.145.010,American Indian or Alaska Native,1002-5,R1
Mdewakanton Sioux,1620-4,R1.01.145.011,American Indian or Alaska Native,1002-5,R1
Miniconjou,1621-2,R1.01.145.012,American Indian or Alaska Native,1002-5,R1
Oglala Sioux,1622-0,R1.01.145.013,American Indian or Alaska Native,1002-5,R1
Pine Ridge Sioux,1623-8,R1.01.145.014,American Indian or Alaska Native,1002-5,R1
Pipestone Sioux,1624-6,R1.01.145.015,American Indian or Alaska Native,1002-5,R1
Prairie Island Sioux,1625-3,R1.01.145.016,American Indian or Alaska Native,1002-5,R1
Prior Lake Sioux,1626-1,R1.01.145.017,American Indian or Alaska Native,1002-5,R1
Rosebud Sioux,1627-9,R1.01.145.018,American Indian or Alaska Native,1002-5,R1
Sans Arc Sioux,1628-7,R1.01.145.019,American Indian or Alaska Native,1002-5,R1
Santee Sioux,1629-5,R1.01.145.020,American Indian or Alaska Native,1002-5,R1
Sisseton-Wahpeton,1630-3,R1.01.145.021,American Indian or Alaska Native,1002-5,R1
Sisseton Sioux,1631-1,R1.01.145.022,American Indian or Alaska Native,1002-5,R1
Spirit Lake Sioux,1632-9,R1.01.145.023,American Indian or Alaska Native,1002-5,R1
Standing Rock Sioux,1633-7,R1.01.145.024,American Indian or Alaska Native,1002-5,R1
Teton Sioux,1634-5,R1.01.145.025,American Indian or Alaska Native,1002-5,R1
Two Kettle Sioux,1635-2,R1.01.145.026,American Indian or Alaska Native,1002-5,R1
Upper Sioux,1636-0,R1.01.145.027,American Indian or Alaska Native,1002-5,R1
Wahpekute Sioux,1637-8,R1.01.145.028,American Indian or Alaska Native,1002-5,R1
Wahpeton Sioux,1638-6,R1.01.145.029,American Indian or Alaska Native,1002-5,R1
Wazhaza Sioux,1639-4,R1.01.145.030,American Indian or Alaska Native,1002-5,R1
Yankton Sioux,1640-2,R1.01.145.031,American Indian or Alaska Native,1002-5,R1
Yanktonai Sioux,1641-0,R1.01.145.032,American Indian or Alaska Native,1002-5,R1
Siuslaw,1643-6,R1.01.146,American Indian or Alaska Native,1002-5,R1
Spokane,1645-1,R1.01.147,American Indian or Alaska Native,1002-5,R1
Stewart,1647-7,R1.01.148,American Indian or Alaska Native,1002-5,R1
Stockbridge,1649-3,R1.01.149,American Indian or Alaska Native,1002-5,R1
Susanville,1651-9,R1.01.150,American Indian or Alaska Native,1002-5,R1
Tohono O'Odham,1653-5,R1.01.151,American Indian or Alaska Native,1002-5,R1
Ak-Chin,1654-3,R1.01.151.001,American Indian or Alaska Native,1002-5,R1
Gila Bend,1655-0,R1.01.151.002,American Indian or Alaska Native,1002-5,R1
San Xavier,1656-8,R1.01.151.003,American Indian or Alaska Native,1002-5,R1
Sells,1657-6,R1.01.151.004,American Indian or Alaska Native,1002-5,R1
Tolowa,1659-2,R1.01.152,American Indian or Alaska Native,1002-5,R1
Tonkawa,1661-8,R1.01.153,American Indian or Alaska Native,1002-5,R1
Tygh,1663-4,R1.01.154,American Indian or Alaska Native,1002-5,R1
Umatilla,1665-9,R1.01.155,American Indian or Alaska Native,1002-5,R1
Umpqua,1667-5,R1.01.156,American Indian or Alaska Native,1002-5,R1
Cow Creek Umpqua,1668-3,R1.01.156.001,American Indian or Alaska Native,1002-5,R1
Ute,1670-9,R1.01.157,American Indian or Alaska Native,1002-5,R1
Allen Canyon,1671-7,R1.01.157.001,American Indian or Alaska Native,1002-5,R1
Uintah Ute,1672-5,R1.01.157.002,American Indian or Alaska Native,1002-5,R1
Ute Mountain Ute,1673-3,R1.01.157.003,American Indian or Alaska Native,1002-5,R1
Wailaki,1675-8,R1.01.158,American Indian or Alaska Native,1002-5,R1
Walla-Walla,1677-4,R1.01.159,American Indian or Alaska Native,1002-5,R1
Wampanoag,1679-0,R1.01.160,American Indian or Alaska Native,1002-5,R1
Gay Head Wampanoag,1680-8,R1.01.160.001,American Indian or Alaska Native,1002-5,R1
Mashpee Wampanoag,1681-6,R1.01.160.002,American Indian or Alaska Native,1002-5,R1
Warm Springs,1683-2,R1.01.161,American Indian or Alaska Native,1002-5,R1
Wascopum,1685-7,R1.01.162,American Indian or Alaska Native,1002-5,R1
Washoe,1687-3,R1.01.163,American Indian or Alaska Native,1002-5,R1
Alpine,1688-1,R1.01.163.001,American Indian or Alaska Native,1002-5,R1
Carson,1689-9,R1.01.163.002,American Indian or Alaska Native,1002-5,R1
Dresslerville,1690-7,R1.01.163.003,American Indian or Alaska Native,1002-5,R1
Wichita,1692-3,R1.01.164,American Indian or Alaska Native,1002-5,R1
Wind River,1694-9,R1.01.165,American Indian or Alaska Native,1002-5,R1
Winnebago,1696-4,R1.01.166,American Indian or Alaska Native,1002-5,R1
Ho-chunk,1697-2,R1.01.166.001,American Indian or Alaska Native,1002-5,R1
Nebraska Winnebago,1698-0,R1.01.166.002,American Indian or Alaska Native,1002-5,R1
Winnemucca,1700-4,R1.01.167,American Indian or Alaska Native,1002-5,R1
Wintun,1702-0,R1.01.168,American Indian or Alaska Native,1002-5,R1
Wiyot,1704-6,R1.01.169,American Indian or Alaska Native,1002-5,R1
Table Bluff,1705-3,R1.01.169.001,American Indian or Alaska Native,1002-5,R1
Yakama,1707-9,R1.01.170,American Indian or Alaska Native,1002-5,R1
Yakama Cowlitz,1709-5,R1.01.171,American Indian or Alaska Native,1002-5,R1
Yaqui,1711-1,R1.01.172,American Indian or Alaska Native,1002-5,R1
Barrio Libre,1712-9,R1.01.172.001,American Indian or Alaska Native,1002-5,R1
Pascua Yaqui,1713-7,R1.01.172.002,American Indian or Alaska Native,1002-5,R1
Yavapai Apache,1715-2,R1.01.173,American Indian or Alaska Native,1002-5,R1
Yokuts,1717-8,R1.01.174,American Indian or Alaska Native,1002-5,R1
Chukchansi,1718-6,R1.01.174.001,American Indian or Alaska Native,1002-5,R1
Tachi,1719-4,R1.01.174.002,American Indian or Alaska Native,1002-5,R1
Tule River,1720-2,R1.01.174.003,American Indian or Alaska Native,1002-5,R1
Yuchi,1722-8,R1.01.175,American Indian or Alaska Native,1002-5,R1
Yuman,1724-4,R1.01.176,American Indian or Alaska Native,1002-5,R1
Cocopah,1725-1,R1.01.176.001,American Indian or Alaska Native,1002-5,R1
Havasupai,1726-9,R1.01.176.002,American Indian or Alaska Native,1002-5,R1
Hualapai,1727-7,R1.01.176.003,American Indian or Alaska Native,1002-5,R1
Maricopa,1728-5,R1.01.176.004,American Indian or Alaska Native,1002-5,R1
Mohave,1729-3,R1.01.176.005,American Indian or Alaska Native,1002-5,R1
Quechan,1730-1,R1.01.176.006,American Indian or Alaska Native,1002-5,R1
Yavapai,1731-9,R1.01.176.007,American Indian or Alaska Native,1002-5,R1
Yurok,1732-7,R1.01.177,American Indian or Alaska Native,1002-5,R1
Coast Yurok,1733-5,R1.01.177.001,American Indian or Alaska Native,1002-5,R1
Alaska Native,1735-0,R1.02,American Indian or Alaska Native,1002-5,R1
Alaska Indian,1737-6,R1.02.001,American Indian or Alaska Native,1002-5,R1
Alaskan Athabascan,1739-2,R1.02.001.001,American Indian or Alaska Native,1002-5,R1
Ahtna,1740-0,R1.02.001.001.001,American Indian or Alaska Native,1002-5,R1
Alatna,1741-8,R1.02.001.001.002,American Indian or Alaska Native,1002-5,R1
Alexander,1742-6,R1.02.001.001.003,American Indian or Alaska Native,1002-5,R1
Allakaket,1743-4,R1.02.001.001.004,American Indian or Alaska Native,1002-5,R1
Alanvik,1744-2,R1.02.001.001.005,American Indian or Alaska Native,1002-5,R1
Anvik,1745-9,R1.02.001.001.006,American Indian or Alaska Native,1002-5,R1
Arctic,1746-7,R1.02.001.001.007,American Indian or Alaska Native,1002-5,R1
Beaver,1747-5,R1.02.001.001.008,American Indian or Alaska Native,1002-5,R1
Birch Creek,1748-3,R1.02.001.001.009,American Indian or Alaska Native,1002-5,R1
Cantwell,1749-1,R1.02.001.001.010,American Indian or Alaska Native,1002-5,R1
Chalkyitsik,1750-9,R1.02.001.001.011,American Indian or Alaska Native,1002-5,R1
Chickaloon,1751-7,R1.02.001.001.012,American Indian or Alaska Native,1002-5,R1
Chistochina,1752-5,R1.02.001.001.013,American Indian or Alaska Native,1002-5,R1
Chitina,1753-3,R1.02.001.001.014,American Indian or Alaska Native,1002-5,R1
Circle,1754-1,R1.02.001.001.015,American Indian or Alaska Native,1002-5,R1
Cook Inlet,1755-8,R1.02.001.001.016,American Indian or Alaska Native,1002-5,R1
Copper Center,1756-6,R1.02.001.001.017,American Indian or Alaska Native,1002-5,R1
Copper River,1757-4,R1.02.001.001.018,American Indian or Alaska Native,1002-5,R1
Dot Lake,1758-2,R1.02.001.001.019,American Indian or Alaska Native,1002-5,R1
Doyon,1759-0,R1.02.001.001.020,American Indian or Alaska Native,1002-5,R1
Eagle,1760-8,R1.02.001.001.021,American Indian or Alaska Native,1002-5,R1
Eklutna,1761-6,R1.02.001.001.022,American Indian or Alaska Native,1002-5,R1
Evansville,1762-4,R1.02.001.001.023,American Indian or Alaska Native,1002-5,R1
Fort Yukon,1763-2,R1.02.001.001.024,American Indian or Alaska Native,1002-5,R1
Gakona,1764-0,R1.02.001.001.025,American Indian or Alaska Native,1002-5,R1
Galena,1765-7,R1.02.001.001.026,American Indian or Alaska Native,1002-5,R1
Grayling,1766-5,R1.02.001.001.027,American Indian or Alaska Native,1002-5,R1
Gulkana,1767-3,R1.02.001.001.028,American Indian or Alaska Native,1002-5,R1
Healy Lake,1768-1,R1.02.001.001.029,American Indian or Alaska Native,1002-5,R1
Holy Cross,1769-9,R1.02.001.001.030,American Indian or Alaska Native,1002-5,R1
Hughes,1770-7,R1.02.001.001.031,American Indian or Alaska Native,1002-5,R1
Huslia,1771-5,R1.02.001.001.032,American Indian or Alaska Native,1002-5,R1
Iliamna,1772-3,R1.02.001.001.033,American Indian or Alaska Native,1002-5,R1
Kaltag,1773-1,R1.02.001.001.034,American Indian or Alaska Native,1002-5,R1
Kluti Kaah,1774-9,R1.02.001.001.035,American Indian or Alaska Native,1002-5,R1
Knik,1775-6,R1.02.001.001.036,American Indian or Alaska Native,1002-5,R1
Koyukuk,1776-4,R1.02.001.001.037,American Indian or Alaska Native,1002-5,R1
Lake Minchumina,1777-2,R1.02.001.001.038,American Indian or Alaska Native,1002-5,R1
Lime,1778-0,R1.02.001.001.039,American Indian or Alaska Native,1002-5,R1
Mcgrath,1779-8,R1.02.001.001.040,American Indian or Alaska Native,1002-5,R1
Manley Hot Springs,1780-6,R1.02.001.001.041,American Indian or Alaska Native,1002-5,R1
Mentasta Lake,1781-4,R1.02.001.001.042,American Indian or Alaska Native,1002-5,R1
Minto,1782-2,R1.02.001.001.043,American Indian or Alaska Native,1002-5,R1
Nenana,1783-0,R1.02.001.001.044,American Indian or Alaska Native,1002-5,R1
Nikolai,1784-8,R1.02.001.001.045,American Indian or Alaska Native,1002-5,R1
Ninilchik,1785-5,R1.02.001.001.046,American Indian or Alaska Native,1002-5,R1
Nondalton,1786-3,R1.02.001.001.047,American Indian or Alaska Native,1002-5,R1
Northway,1787-1,R1.02.001.001.048,American Indian or Alaska Native,1002-5,R1
Nulato,1788-9,R1.02.001.001.049,American Indian or Alaska Native,1002-5,R1
Pedro Bay,1789-7,R1.02.001.001.050,American Indian or Alaska Native,1002-5,R1
Rampart,1790-5,R1.02.001.001.051,American Indian or Alaska Native,1002-5,R1
Ruby,1791-3,R1.02.001.001.052,American Indian or Alaska Native,1002-5,R1
Salamatof,1792-1,R1.02.001.001.053,American Indian or Alaska Native,1002-5,R1
Seldovia,1793-9,R1.02.001.001.054,American Indian or Alaska Native,1002-5,R1
Slana,1794-7,R1.02.001.001.055,American Indian or Alaska Native,1002-5,R1
Shageluk,1795-4,R1.02.001.001.056,American Indian or Alaska Native,1002-5,R1
Stevens,1796-2,R1.02.001.001.057,American Indian or Alaska Native,1002-5,R1
Stony River,1797-0,R1.02.001.001.058,American Indian or Alaska Native,1002-5,R1
Takotna,1798-8,R1.02.001.001.059,American Indian or Alaska Native,1002-5,R1
Tanacross,1799-6,R1.02.001.001.060,American Indian or Alaska Native,1002-5,R1
Tanaina,1800-2,R1.02.001.001.061,American Indian or Alaska Native,1002-5,R1
Tanana,1801-0,R1.02.001.001.062,American Indian or Alaska Native,1002-5,R1
Tanana Chiefs,1802-8,R1.02.001.001.063,American Indian or Alaska Native,1002-5,R1
Tazlina,1803-6,R1.02.001.001.064,American Indian or Alaska Native,1002-5,R1
Telida,1804-4,R1.02.001.001.065,American Indian or Alaska Native,1002-5,R1
Tetlin,1805-1,R1.02.001.001.066,American Indian or Alaska Native,1002-5,R1
Tok,1806-9,R1.02.001.001.067,American Indian or Alaska Native,1002-5,R1
Tyonek,1807-7,R1.02.001.001.068,American Indian or Alaska Native,1002-5,R1
Venetie,1808-5,R1.02.001.001.069,American Indian or Alaska Native,1002-5,R1
Wiseman,1809-3,R1.02.001.001.070,American Indian or Alaska Native,1002-5,R1
Southeast Alaska,1811-9,R1.02.001.002,American Indian or Alaska Native,1002-5,R1
Tlingit-Haida,1813-5,R1.02.001.002.001,American Indian or Alaska Native,1002-5,R1
Angoon,1814-3,R1.02.001.002.001.001,American Indian or Alaska Native,1002-5,R1
Central Council of Tlingit and Haida Tribes,1815-0,R1.02.001.002.001.002,American Indian or Alaska Native,1002-5,R1
Chilkat,1816-8,R1.02.001.002.001.003,American Indian or Alaska Native,1002-5,R1
Chilkoot,1817-6,R1.02.001.002.001.004,American Indian or Alaska Native,1002-5,R1
Craig,1818-4,R1.02.001.002.001.005,American Indian or Alaska Native,1002-5,R1
Douglas,1819-2,R1.02.001.002.001.006,American Indian or Alaska Native,1002-5,R1
Haida,1820-0,R1.02.001.002.001.007,American Indian or Alaska Native,1002-5,R1
Hoonah,1821-8,R1.02.001.002.001.008,American Indian or Alaska Native,1002-5,R1
Hydaburg,1822-6,R1.02.001.002.001.009,American Indian or Alaska Native,1002-5,R1
Kake,1823-4,R1.02.001.002.001.010,American Indian or Alaska Native,1002-5,R1
Kasaan,1824-2,R1.02.001.002.001.011,American Indian or Alaska Native,1002-5,R1
Kenaitze,1825-9,R1.02.001.002.001.012,American Indian or Alaska Native,1002-5,R1
Ketchikan,1826-7,R1.02.001.002.001.013,American Indian or Alaska Native,1002-5,R1
Klawock,1827-5,R1.02.001.002.001.014,American Indian or Alaska Native,1002-5,R1
Pelican,1828-3,R1.02.001.002.001.015,American Indian or Alaska Native,1002-5,R1
Petersburg,1829-1,R1.02.001.002.001.016,American Indian or Alaska Native,1002-5,R1
Saxman,1830-9,R1.02.001.002.001.017,American Indian or Alaska Native,1002-5,R1
Sitka,1831-7,R1.02.001.002.001.018,American Indian or Alaska Native,1002-5,R1
Tenakee Springs,1832-5,R1.02.001.002.001.019,American Indian or Alaska Native,1002-5,R1
Tlingit,1833-3,R1.02.001.002.001.020,American Indian or Alaska Native,1002-5,R1
Wrangell,1834-1,R1.02.001.002.001.021,American Indian or Alaska Native,1002-5,R1
Yakutat,1835-8,R1.02.001.002.001.022,American Indian or Alaska Native,1002-5,R1
Tsimshian,1837-4,R1.02.001.002.002,American Indian or Alaska Native,1002-5,R1
Metlakatla,1838-2,R1.02.001.002.002.001,American Indian or Alaska Native,1002-5,R1
Eskimo,1840-8,R1.02.002,American Indian or Alaska Native,1002-5,R1
Greenland Eskimo,1842-4,R1.02.002.001,American Indian or Alaska Native,1002-5,R1
Inupiat Eskimo,1844-0,R1.02.002.002,American Indian or Alaska Native,1002-5,R1
Ambler,1845-7,R1.02.002.002.001,American Indian or Alaska Native,1002-5,R1
Anaktuvuk,1846-5,R1.02.002.002.002,American Indian or Alaska Native,1002-5,R1
Anaktuvuk Pass,1847-3,R1.02.002.002.003,American Indian or Alaska Native,1002-5,R1
Arctic Slope Inupiat,1848-1,R1.02.002.002.004,American Indian or Alaska Native,1002-5,R1
Arctic Slope Corporation,1849-9,R1.02.002.002.005,American Indian or Alaska Native,1002-5,R1
Atqasuk,1850-7,R1.02.002.002.006,American Indian or Alaska Native,1002-5,R1
Barrow,1851-5,R1.02.002.002.007,American Indian or Alaska Native,1002-5,R1
Bering Straits Inupiat,1852-3,R1.02.002.002.008,American Indian or Alaska Native,1002-5,R1
Brevig Mission,1853-1,R1.02.002.002.009,American Indian or Alaska Native,1002-5,R1
Buckland,1854-9,R1.02.002.002.010,American Indian or Alaska Native,1002-5,R1
Chinik,1855-6,R1.02.002.002.011,American Indian or Alaska Native,1002-5,R1
Council,1856-4,R1.02.002.002.012,American Indian or Alaska Native,1002-5,R1
Deering,1857-2,R1.02.002.002.013,American Indian or Alaska Native,1002-5,R1
Elim,1858-0,R1.02.002.002.014,American Indian or Alaska Native,1002-5,R1
Golovin,1859-8,R1.02.002.002.015,American Indian or Alaska Native,1002-5,R1
Inalik Diomede,1860-6,R1.02.002.002.016,American Indian or Alaska Native,1002-5,R1
Inupiaq,1861-4,R1.02.002.002.017,American Indian or Alaska Native,1002-5,R1
Kaktovik,1862-2,R1.02.002.002.018,American Indian or Alaska Native,1002-5,R1
Kawerak,1863-0,R1.02.002.002.019,American Indian or Alaska Native,1002-5,R1
Kiana,1864-8,R1.02.002.002.020,American Indian or Alaska Native,1002-5,R1
Kivalina,1865-5,R1.02.002.002.021,American Indian or Alaska Native,1002-5,R1
Kobuk,1866-3,R1.02.002.002.022,American Indian or Alaska Native,1002-5,R1
Kotzebue,1867-1,R1.02.002.002.023,American Indian or Alaska Native,1002-5,R1
Koyuk,1868-9,R1.02.002.002.024,American Indian or Alaska Native,1002-5,R1
Kwiguk,1869-7,R1.02.002.002.025,American Indian or Alaska Native,1002-5,R1
Mauneluk Inupiat,1870-5,R1.02.002.002.026,American Indian or Alaska Native,1002-5,R1
Nana Inupiat,1871-3,R1.02.002.002.027,American Indian or Alaska Native,1002-5,R1
Noatak,1872-1,R1.02.002.002.028,American Indian or Alaska Native,1002-5,R1
Nome,1873-9,R1.02.002.002.029,American Indian or Alaska Native,1002-5,R1
Noorvik,1874-7,R1.02.002.002.030,American Indian or Alaska Native,1002-5,R1
Nuiqsut,1875-4,R1.02.002.002.031,American Indian or Alaska Native,1002-5,R1
Point Hope,1876-2,R1.02.002.002.032,American Indian or Alaska Native,1002-5,R1
Point Lay,1877-0,R1.02.002.002.033,American Indian or Alaska Native,1002-5,R1
Selawik,1878-8,R1.02.002.002.034,American Indian or Alaska Native,1002-5,R1
Shaktoolik,1879-6,R1.02.002.002.035,American Indian or Alaska Native,1002-5,R1
Shishmaref,1880-4,R1.02.002.002.036,American Indian or Alaska Native,1002-5,R1
Shungnak,1881-2,R1.02.002.002.037,American Indian or Alaska Native,1002-5,R1
Solomon,1882-0,R1.02.002.002.038,American Indian or Alaska Native,1002-5,R1
Teller,1883-8,R1.02.002.002.039,American Indian or Alaska Native,1002-5,R1
Unalakleet,1884-6,R1.02.002.002.040,American Indian or Alaska Native,1002-5,R1
Wainwright,1885-3,R1.02.002.002.041,American Indian or Alaska Native,1002-5,R1
Wales,1886-1,R1.02.002.002.042,American Indian or Alaska Native,1002-5,R1
White Mountain,1887-9,R1.02.002.002.043,American Indian or Alaska Native,1002-5,R1
White Mountain Inupiat,1888-7,R1.02.002.002.044,American Indian or Alaska Native,1002-5,R1
Mary's Igloo,1889-5,R1.02.002.002.045,American Indian or Alaska Native,1002-5,R1
Siberian Eskimo,1891-1,R1.02.002.003,American Indian or Alaska Native,1002-5,R1
Gambell,1892-9,R1.02.002.003.001,American Indian or Alaska Native,1002-5,R1
Savoonga,1893-7,R1.02.002.003.002,American Indian or Alaska Native,1002-5,R1
Siberian Yupik,1894-5,R1.02.002.003.003,American Indian or Alaska Native,1002-5,R1
Yupik Eskimo,1896-0,R1.02.002.004,American Indian or Alaska Native,1002-5,R1
Akiachak,1897-8,R1.02.002.004.001,American Indian or Alaska Native,1002-5,R1
Akiak,1898-6,R1.02.002.004.002,American Indian or Alaska Native,1002-5,R1
Alakanuk,1899-4,R1.02.002.004.003,American Indian or Alaska Native,1002-5,R1
Aleknagik,1900-0,R1.02.002.004.004,American Indian or Alaska Native,1002-5,R1
Andreafsky,1901-8,R1.02.002.004.005,American Indian or Alaska Native,1002-5,R1
Aniak,1902-6,R1.02.002.004.006,American Indian or Alaska Native,1002-5,R1
Atmautluak,1903-4,R1.02.002.004.007,American Indian or Alaska Native,1002-5,R1
Bethel,1904-2,R1.02.002.004.008,American Indian or Alaska Native,1002-5,R1
Bill Moore's Slough,1905-9,R1.02.002.004.009,American Indian or Alaska Native,1002-5,R1
Bristol Bay Yupik,1906-7,R1.02.002.004.010,American Indian or Alaska Native,1002-5,R1
Calista Yupik,1907-5,R1.02.002.004.011,American Indian or Alaska Native,1002-5,R1
Chefornak,1908-3,R1.02.002.004.012,American Indian or Alaska Native,1002-5,R1
Chevak,1909-1,R1.02.002.004.013,American Indian or Alaska Native,1002-5,R1
Chuathbaluk,1910-9,R1.02.002.004.014,American Indian or Alaska Native,1002-5,R1
Clark's Point,1911-7,R1.02.002.004.015,American Indian or Alaska Native,1002-5,R1
Crooked Creek,1912-5,R1.02.002.004.016,American Indian or Alaska Native,1002-5,R1
Dillingham,1913-3,R1.02.002.004.017,American Indian or Alaska Native,1002-5,R1
Eek,1914-1,R1.02.002.004.018,American Indian or Alaska Native,1002-5,R1
Ekuk,1915-8,R1.02.002.004.019,American Indian or Alaska Native,1002-5,R1
Ekwok,1916-6,R1.02.002.004.020,American Indian or Alaska Native,1002-5,R1
Emmonak,1917-4,R1.02.002.004.021,American Indian or Alaska Native,1002-5,R1
Goodnews Bay,1918-2,R1.02.002.004.022,American Indian or Alaska Native,1002-5,R1
Hooper Bay,1919-0,R1.02.002.004.023,American Indian or Alaska Native,1002-5,R1
Iqurmuit (Russian Mission),1920-8,R1.02.002.004.024,American Indian or Alaska Native,1002-5,R1
Kalskag,1921-6,R1.02.002.004.025,American Indian or Alaska Native,1002-5,R1
Kasigluk,1922-4,R1.02.002.004.026,American Indian or Alaska Native,1002-5,R1
Kipnuk,1923-2,R1.02.002.004.027,American Indian or Alaska Native,1002-5,R1
Koliganek,1924-0,R1.02.002.004.028,American Indian or Alaska Native,1002-5,R1
Kongiganak,1925-7,R1.02.002.004.029,American Indian or Alaska Native,1002-5,R1
Kotlik,1926-5,R1.02.002.004.030,American Indian or Alaska Native,1002-5,R1
Kwethluk,1927-3,R1.02.002.004.031,American Indian or Alaska Native,1002-5,R1
Kwigillingok,1928-1,R1.02.002.004.032,American Indian or Alaska Native,1002-5,R1
Levelock,1929-9,R1.02.002.004.033,American Indian or Alaska Native,1002-5,R1
Lower Kalskag,1930-7,R1.02.002.004.034,American Indian or Alaska Native,1002-5,R1
Manokotak,1931-5,R1.02.002.004.035,American Indian or Alaska Native,1002-5,R1
Marshall,1932-3,R1.02.002.004.036,American Indian or Alaska Native,1002-5,R1
Mekoryuk,1933-1,R1.02.002.004.037,American Indian or Alaska Native,1002-5,R1
Mountain Village,1934-9,R1.02.002.004.038,American Indian or Alaska Native,1002-5,R1
Naknek,1935-6,R1.02.002.004.039,American Indian or Alaska Native,1002-5,R1
Napaumute,1936-4,R1.02.002.004.040,American Indian or Alaska Native,1002-5,R1
Napakiak,1937-2,R1.02.002.004.041,American Indian or Alaska Native,1002-5,R1
Napaskiak,1938-0,R1.02.002.004.042,American Indian or Alaska Native,1002-5,R1
Newhalen,1939-8,R1.02.002.004.043,American Indian or Alaska Native,1002-5,R1
New Stuyahok,1940-6,R1.02.002.004.044,American Indian or Alaska Native,1002-5,R1
Newtok,1941-4,R1.02.002.004.045,American Indian or Alaska Native,1002-5,R1
Nightmute,1942-2,R1.02.002.004.046,American Indian or Alaska Native,1002-5,R1
Nunapitchukv,1943-0,R1.02.002.004.047,American Indian or Alaska Native,1002-5,R1
Oscarville,1944-8,R1.02.002.004.048,American Indian or Alaska Native,1002-5,R1
Pilot Station,1945-5,R1.02.002.004.049,American Indian or Alaska Native,1002-5,R1
Pitkas Point,1946-3,R1.02.002.004.050,American Indian or Alaska Native,1002-5,R1
Platinum,1947-1,R1.02.002.004.051,American Indian or Alaska Native,1002-5,R1
Portage Creek,1948-9,R1.02.002.004.052,American Indian or Alaska Native,1002-5,R1
Quinhagak,1949-7,R1.02.002.004.053,American Indian or Alaska Native,1002-5,R1
Red Devil,1950-5,R1.02.002.004.054,American Indian or Alaska Native,1002-5,R1
St. Michael,1951-3,R1.02.002.004.055,American Indian or Alaska Native,1002-5,R1
Scammon Bay,1952-1,R1.02.002.004.056,American Indian or Alaska Native,1002-5,R1
Sheldon's Point,1953-9,R1.02.002.004.057,American Indian or Alaska Native,1002-5,R1
Sleetmute,1954-7,R1.02.002.004.058,American Indian or Alaska Native,1002-5,R1
Stebbins,1955-4,R1.02.002.004.059,American Indian or Alaska Native,1002-5,R1
Togiak,1956-2,R1.02.002.004.060,American Indian or Alaska Native,1002-5,R1
Toksook,1957-0,R1.02.002.004.061,American Indian or Alaska Native,1002-5,R1
Tulukskak,1958-8,R1.02.002.004.062,American Indian or Alaska Native,1002-5,R1
Tuntutuliak,1959-6,R1.02.002.004.063,American Indian or Alaska Native,1002-5,R1
Tununak,1960-4,R1.02.002.004.064,American Indian or Alaska Native,1002-5,R1
Twin Hills,1961-2,R1.02.002.004.065,American Indian or Alaska Native,1002-5,R1
Georgetown (Yupik-Eskimo),1962-0,R1.02.002.004.066,American Indian or Alaska Native,1002-5,R1
St. Mary's,1963-8,R1.02.002.004.067,American Indian or Alaska Native,1002-5,R1
Umkumiate,1964-6,R1.02.002.004.068,American Indian or Alaska Native,1002-5,R1
Aleut,1966-1,R1.02.003,American Indian or Alaska Native,1002-5,R1
Alutiiq Aleut,1968-7,R1.02.003.001,American Indian or Alaska Native,1002-5,R1
Tatitlek,1969-5,R1.02.003.001.001,American Indian or Alaska Native,1002-5,R1
Ugashik,1970-3,R1.02.003.001.002,American Indian or Alaska Native,1002-5,R1
Bristol Bay Aleut,1972-9,R1.02.003.002,American Indian or Alaska Native,1002-5,R1
Chignik,1973-7,R1.02.003.002.001,American Indian or Alaska Native,1002-5,R1
Chignik Lake,1974-5,R1.02.003.002.002,American Indian or Alaska Native,1002-5,R1
Egegik,1975-2,R1.02.003.002.003,American Indian or Alaska Native,1002-5,R1
Igiugig,1976-0,R1.02.003.002.004,American Indian or Alaska Native,1002-5,R1
Ivanof Bay,1977-8,R1.02.003.002.005,American Indian or Alaska Native,1002-5,R1
King Salmon,1978-6,R1.02.003.002.006,American Indian or Alaska Native,1002-5,R1
Kokhanok,1979-4,R1.02.003.002.007,American Indian or Alaska Native,1002-5,R1
Perryville,1980-2,R1.02.003.002.008,American Indian or Alaska Native,1002-5,R1
Pilot Point,1981-0,R1.02.003.002.009,American Indian or Alaska Native,1002-5,R1
Port Heiden,1982-8,R1.02.003.002.010,American Indian or Alaska Native,1002-5,R1
Chugach Aleut,1984-4,R1.02.003.003,American Indian or Alaska Native,1002-5,R1
Chenega,1985-1,R1.02.003.003.001,American Indian or Alaska Native,1002-5,R1
Chugach Corporation,1986-9,R1.02.003.003.002,American Indian or Alaska Native,1002-5,R1
English Bay,1987-7,R1.02.003.003.003,American Indian or Alaska Native,1002-5,R1
Port Graham,1988-5,R1.02.003.003.004,American Indian or Alaska Native,1002-5,R1
Eyak,1990-1,R1.02.003.004,American Indian or Alaska Native,1002-5,R1
Koniag Aleut,1992-7,R1.02.003.005,American Indian or Alaska Native,1002-5,R1
Akhiok,1993-5,R1.02.003.005.001,American Indian or Alaska Native,1002-5,R1
Agdaagux,1994-3,R1.02.003.005.002,American Indian or Alaska Native,1002-5,R1
Karluk,1995-0,R1.02.003.005.003,American Indian or Alaska Native,1002-5,R1
Kodiak,1996-8,R1.02.003.005.004,American Indian or Alaska Native,1002-5,R1
Larsen Bay,1997-6,R1.02.003.005.005,American Indian or Alaska Native,1002-5,R1
Old Harbor,1998-4,R1.02.003.005.006,American Indian or Alaska Native,1002-5,R1
Ouzinkie,1999-2,R1.02.003.005.007,American Indian or Alaska Native,1002-5,R1
Port Lions,2000-8,R1.02.003.005.008,American Indian or Alaska Native,1002-5,R1
Sugpiaq,2002-4,R1.02.003.006,American Indian or Alaska Native,1002-5,R1
Suqpigaq,2004-0,R1.02.003.007,American Indian or Alaska Native,1002-5,R1
Unangan Aleut,2006-5,R1.02.003.008,American Indian or Alaska Native,1002-5,R1
Akutan,2007-3,R1.02.003.008.001,American Indian or Alaska Native,1002-5,R1
Aleut Corporation,2008-1,R1.02.003.008.002,American Indian or Alaska Native,1002-5,R1
Aleutian,2009-9,R1.02.003.008.003,American Indian or Alaska Native,1002-5,R1
Aleutian Islander,2010-7,R1.02.003.008.004,American Indian or Alaska Native,1002-5,R1
Atka,2011-5,R1.02.003.008.005,American Indian or Alaska Native,1002-5,R1
Belkofski,2012-3,R1.02.003.008.006,American Indian or Alaska Native,1002-5,R1
Chignik Lagoon,2013-1,R1.02.003.008.007,American Indian or Alaska Native,1002-5,R1
King Cove,2014-9,R1.02.003.008.008,American Indian or Alaska Native,1002-5,R1
False Pass,2015-6,R1.02.003.008.009,American Indian or Alaska Native,1002-5,R1
Nelson Lagoon,2016-4,R1.02.003.008.010,American Indian or Alaska Native,1002-5,R1
Nikolski,2017-2,R1.02.003.008.011,American Indian or Alaska Native,1002-5,R1
Pauloff Harbor,2018-0,R1.02.003.008.012,American Indian or Alaska Native,1002-5,R1
Qagan Toyagungin,2019-8,R1.02.003.008.013,American Indian or Alaska Native,1002-5,R1
Qawalangin,2020-6,R1.02.003.008.014,American Indian or Alaska Native,1002-5,R1
St. George,2021-4,R1.02.003.008.015,American Indian or Alaska Native,1002-5,R1
St. Paul,2022-2,R1.02.003.008.016,American Indian or Alaska Native,1002-5,R1
Sand Point,2023-0,R1.02.003.008.017,American Indian or Alaska Native,1002-5,R1
South Naknek,2024-8,R1.02.003.008.018,American Indian or Alaska Native,1002-5,R1
Unalaska,2025-5,R1.02.003.008.019,American Indian or Alaska Native,1002-5,R1
Unga,2026-3,R1.02.003.008.020,American Indian or Alaska Native,1002-5,R1
Asian Indian,2029-7,R2.01,Asian,2028-9,R2
Bangladeshi,2030-5,R2.02,Asian,2028-9,R2
Bhutanese,2031-3,R2.03,Asian,2028-9,R2
Burmese,2032-1,R2.04,Asian,2028-9,R2
Cambodian,2033-9,R2.05,Asian,2028-9,R2
Chinese,2034-7,R2.06,Asian,2028-9,R2
Taiwanese,2035-4,R2.07,Asian,2028-9,R2
Filipino,2036-2,R2.08,Asian,2028-9,R2
Hmong,2037-0,R2.09,Asian,2028-9,R2
Indonesian,2038-8,R2.10,Asian,2028-9,R2
Japanese,2039-6,R2.11,Asian,2028-9,R2
Korean,2040-4,R2.12,Asian,2028-9,R2
Laotian,2041-2,R2.13,Asian,2028-9,R2
Malaysian,2042-0,R2.14,Asian,2028-9,R2
Okinawan,2043-8,R2.15,Asian,2028-9,R2
Pakistani,2044-6,R2.16,Asian,2028-9,R2
Sri Lankan,2045-3,R2.17,Asian,2028-9,R2
Thai,2046-1,R2.18,Asian,2028-9,R2
Vietnamese,2047-9,R2.19,Asian,2028-9,R2
Iwo Jiman,2048-7,R2.20,Asian,2028-9,R2
Maldivian,2049-5,R2.21,Asian,2028-9,R2
Nepalese,2050-3,R2.22,Asian,2028-9,R2
Singaporean,2051-1,R2.23,Asian,2028-9,R2
Madagascar,2052-9,R2.24,Asian,2028-9,R2
Black,2056-0,R3.01,Black or African American,2054-5,R3
African American,2058-6,R3.02,Black or African American,2054-5,R3
African,2060-2,R3.03,Black or African American,2054-5,R3
Botswanan,2061-0,R3.03.001,Black or African American,2054-5,R3
Ethiopian,2062-8,R3.03.002,Black or African American,2054-5,R3
Liberian,2063-6,R3.03.003,Black or African American,2054-5,R3
Namibian,2064-4,R3.03.004,Black or African American,2054-5,R3
Nigerian,2065-1,R3.03.005,Black or African American,2054-5,R3
Zairean,2066-9,R3.03.006,Black or African American,2054-5,R3
Bahamian,2067-7,R3.04,Black or African American,2054-5,R3
Barbadian,2068-5,R3.05,Black or African American,2054-5,R3
Dominican,2069-3,R3.06,Black or African American,2054-5,R3
Dominica Islander,2070-1,R3.07,Black or African American,2054-5,R3
Haitian,2071-9,R3.08,Black or African American,2054-5,R3
Jamaican,2072-7,R3.09,Black or African American,2054-5,R3
Tobagoan,2073-5,R3.10,Black or African American,2054-5,R3
Trinidadian,2074-3,R3.11,Black or African American,2054-5,R3
West Indian,2075-0,R3.12,Black or African American,2054-5,R3
Polynesian,2078-4,R4.01,Native Hawaiian or Other Pacific Islander,2076-8,R4
Native Hawaiian,2079-2,R4.01.001,Native Hawaiian or Other Pacific Islander,2076-8,R4
Samoan,2080-0,R4.01.002,Native Hawaiian or Other Pacific Islander,2076-8,R4
Tahitian,2081-8,R4.01.003,Native Hawaiian or Other Pacific Islander,2076-8,R4
Tongan,2082-6,R4.01.004,Native Hawaiian or Other Pacific Islander,2076-8,R4
Tokelauan,2083-4,R4.01.005,Native Hawaiian or Other Pacific Islander,2076-8,R4
Micronesian,2085-9,R4.02,Native Hawaiian or Other Pacific Islander,2076-8,R4
Guamanian or Chamorro,2086-7,R4.02.001,Native Hawaiian or Other Pacific Islander,2076-8,R4
Guamanian,2087-5,R4.02.002,Native Hawaiian or Other Pacific Islander,2076-8,R4
Chamorro,2088-3,R4.02.003,Native Hawaiian or Other Pacific Islander,2076-8,R4
Mariana Islander,2089-1,R4.02.004,Native Hawaiian or Other Pacific Islander,2076-8,R4
Marshallese,2090-9,R4.02.005,Native Hawaiian or Other Pacific Islander,2076-8,R4
Palauan,2091-7,R4.02.006,Native Hawaiian or Other Pacific Islander,2076-8,R4
Carolinian,2092-5,R4.02.007,Native Hawaiian or Other Pacific Islander,2076-8,R4
Kosraean,2093-3,R4.02.008,Native Hawaiian or Other Pacific Islander,2076-8,R4
Pohnpeian,2094-1,R4.02.009,Native Hawaiian or Other Pacific Islander,2076-8,R4
Saipanese,2095-8,R4.02.010,Native Hawaiian or Other Pacific Islander,2076-8,R4
Kiribati,2096-6,R4.02.011,Native Hawaiian or Other Pacific Islander,2076-8,R4
Chuukese,2097-4,R4.02.012,Native Hawaiian or Other Pacific Islander,2076-8,R4
Yapese,2098-2,R4.02.013,Native Hawaiian or Other Pacific Islander,2076-8,R4
Melanesian,2100-6,R4.03,Native Hawaiian or Other Pacific Islander,2076-8,R4
Fijian,2101-4,R4.03.001,Native Hawaiian or Other Pacific Islander,2076-8,R4
Papua New Guinean,2102-2,R4.03.002,Native Hawaiian or Other Pacific Islander,2076-8,R4
Solomon Islander,2103-0,R4.03.003,Native Hawaiian or Other Pacific Islander,2076-8,R4
New Hebrides,2104-8,R4.03.004,Native Hawaiian or Other Pacific Islander,2076-8,R4
Other Pacific Islander,2500-7,R4.04,Native Hawaiian or Other Pacific Islander,2076-8,R4
European,2108-9,R5.01,White,2106-3,R5
Armenian,2109-7,R5.01.001,White,2106-3,R5
English,2110-5,R5.01.002,White,2106-3,R5
French,2111-3,R5.01.003,White,2106-3,R5
German,2112-1,R5.01.004,White,2106-3,R5
Irish,2113-9,R5.01.005,White,2106-3,R5
Italian,2114-7,R5.01.006,White,2106-3,R5
Polish,2115-4,R5.01.007,White,2106-3,R5
Scottish,2116-2,R5.01.008,White,2106-3,R5
Middle Eastern or North African,2118-8,R5.02,White,2106-3,R5
Assyrian,2119-6,R5.02.001,White,2106-3,R5
Egyptian,2120-4,R5.02.002,White,2106-3,R5
Iranian,2121-2,R5.02.003,White,2106-3,R5
Iraqi,2122-0,R5.02.004,White,2106-3,R5
Lebanese,2123-8,R5.02.005,White,2106-3,R5
Palestinian,2124-6,R5.02.006,White,2106-3,R5
Syrian,2125-3,R5.02.007,White,2106-3,R5
Afghanistani,2126-1,R5.02.008,White,2106-3,R5
Israeli,2127-9,R5.02.009,White,2106-3,R5
Arab,2129-5,R5.03,White,2106-3,R5
